owner,repo_name,issue_id,state,labels,assignees,number_of_comments,created_at,closed_at,locked
apple,swift-argument-parser,562,open,,,0,2023-03-30T19:13:46Z,,False
apple,swift-argument-parser,561,open,,,0,2023-03-29T20:32:52Z,,False
apple,swift-argument-parser,560,open,,,0,2023-03-27T20:12:48Z,,False
apple,swift-argument-parser,559,open,,,0,2023-03-23T12:28:28Z,,False
apple,swift-argument-parser,558,open,bug,,1,2023-03-01T15:18:25Z,,False
apple,swift-argument-parser,557,open,,,0,2023-02-27T13:23:45Z,,False
apple,swift-argument-parser,556,open,,,2,2023-02-26T22:38:15Z,,False
apple,swift-argument-parser,555,open,enhancement,,0,2023-02-21T23:57:34Z,,False
apple,swift-argument-parser,554,closed,,,4,2023-02-20T07:57:04Z,2023-02-23T20:00:15Z,False
apple,swift-argument-parser,553,closed,bug,,3,2023-02-14T11:22:31Z,2023-02-23T20:00:16Z,False
apple,swift-argument-parser,552,closed,,,2,2023-02-13T18:50:38Z,2023-02-15T05:54:42Z,False
apple,swift-argument-parser,551,closed,,,0,2023-02-13T00:46:35Z,2023-02-15T05:54:44Z,False
apple,swift-argument-parser,550,closed,,,1,2023-02-08T22:42:48Z,2023-02-09T05:02:47Z,False
apple,swift-argument-parser,549,closed,,,1,2023-02-02T19:41:46Z,2023-02-09T17:25:51Z,False
apple,swift-argument-parser,548,closed,,,1,2023-02-02T08:23:59Z,2023-02-02T14:33:51Z,False
apple,swift-argument-parser,547,closed,,,1,2023-01-24T15:49:48Z,2023-01-27T16:45:06Z,False
apple,swift-argument-parser,546,closed,,,1,2023-01-20T13:57:18Z,2023-01-27T16:44:50Z,False
apple,swift-argument-parser,545,closed,,,1,2023-01-19T13:29:33Z,2023-02-09T05:03:14Z,False
apple,swift-argument-parser,544,closed,,,2,2023-01-13T22:32:25Z,2023-02-02T08:29:05Z,False
apple,swift-argument-parser,543,closed,,,2,2023-01-13T06:54:02Z,2023-01-13T16:52:29Z,False
apple,swift-argument-parser,542,closed,,,2,2023-01-12T22:39:29Z,2023-01-13T14:23:45Z,False
apple,swift-argument-parser,541,closed,good first issue,,1,2023-01-11T16:15:51Z,2023-01-13T14:24:13Z,False
apple,swift-argument-parser,540,closed,,,2,2023-01-09T17:31:03Z,2023-01-13T19:15:14Z,False
apple,swift-argument-parser,539,closed,,,2,2023-01-06T17:41:13Z,2023-01-09T17:11:23Z,False
apple,swift-argument-parser,538,open,bug,,4,2023-01-06T10:38:52Z,,False
apple,swift-argument-parser,537,closed,,,1,2022-12-25T04:34:52Z,2022-12-25T04:41:48Z,False
apple,swift-argument-parser,536,open,good first issue,,5,2022-12-20T16:48:14Z,,False
apple,swift-argument-parser,535,closed,,,2,2022-12-17T02:43:58Z,2023-01-09T16:55:41Z,False
apple,swift-argument-parser,534,closed,,,2,2022-12-11T12:58:40Z,2023-01-13T19:15:41Z,False
apple,swift-argument-parser,533,closed,,,0,2022-12-09T16:16:26Z,2022-12-09T16:16:35Z,False
apple,swift-argument-parser,532,closed,,,4,2022-12-04T05:37:33Z,2023-01-09T17:17:53Z,False
apple,swift-argument-parser,531,closed,,,4,2022-12-02T01:56:53Z,2022-12-09T16:15:23Z,False
apple,swift-argument-parser,530,closed,,,1,2022-11-24T11:47:16Z,2022-12-10T21:53:03Z,False
apple,swift-argument-parser,529,closed,,,3,2022-11-22T00:04:42Z,2022-11-22T06:29:52Z,False
apple,swift-argument-parser,528,closed,,,2,2022-11-21T19:21:34Z,2022-11-22T06:27:42Z,False
apple,swift-argument-parser,527,closed,,,4,2022-11-21T18:29:38Z,2022-11-22T06:46:35Z,False
apple,swift-argument-parser,526,closed,,,2,2022-11-21T17:43:06Z,2022-11-22T06:24:42Z,False
apple,swift-argument-parser,525,closed,,,1,2022-11-21T16:35:04Z,2022-11-22T06:19:06Z,False
apple,swift-argument-parser,524,closed,"documentation, good first issue",,0,2022-11-19T18:05:57Z,2022-11-22T06:19:07Z,False
apple,swift-argument-parser,523,closed,,,2,2022-11-18T11:05:26Z,2022-12-12T22:50:41Z,False
apple,swift-argument-parser,522,closed,,,1,2022-11-16T15:21:10Z,2022-11-16T15:30:28Z,False
apple,swift-argument-parser,521,closed,,,2,2022-11-14T19:55:22Z,2022-11-15T18:30:41Z,False
apple,swift-argument-parser,520,closed,,,2,2022-11-13T11:09:38Z,2022-11-14T15:42:12Z,False
apple,swift-argument-parser,519,closed,,,1,2022-11-09T00:15:20Z,2022-11-09T00:19:03Z,False
apple,swift-argument-parser,518,closed,,,1,2022-11-08T19:40:57Z,2022-11-08T19:45:58Z,False
apple,swift-argument-parser,517,open,,,3,2022-11-08T14:53:29Z,,False
apple,swift-argument-parser,516,closed,,,1,2022-11-04T17:34:33Z,2022-11-04T21:18:24Z,False
apple,swift-argument-parser,515,open,enhancement,,0,2022-11-01T17:12:00Z,,False
apple,swift-argument-parser,514,closed,,,1,2022-10-31T18:34:52Z,2022-11-01T19:13:03Z,False
apple,swift-argument-parser,513,closed,,,2,2022-10-29T22:32:08Z,2022-11-12T20:11:21Z,False
apple,swift-argument-parser,512,closed,,,2,2022-10-28T18:30:11Z,2022-10-28T19:08:54Z,False
apple,swift-argument-parser,511,closed,,,2,2022-10-27T21:41:59Z,2022-10-28T18:36:40Z,False
apple,swift-argument-parser,510,closed,,,1,2022-10-26T15:20:12Z,2022-10-26T15:37:55Z,False
apple,swift-argument-parser,509,closed,,,0,2022-10-24T22:50:56Z,2022-10-28T19:08:56Z,False
apple,swift-argument-parser,508,closed,"documentation, good first issue",,0,2022-10-19T23:57:54Z,2022-11-01T19:13:05Z,False
apple,swift-argument-parser,507,closed,,,1,2022-10-14T19:35:27Z,2022-10-14T19:56:04Z,False
apple,swift-argument-parser,506,closed,,,2,2022-10-12T17:41:27Z,2022-10-12T17:45:52Z,False
apple,swift-argument-parser,505,closed,,,6,2022-10-10T21:07:43Z,2022-10-18T17:50:55Z,False
apple,swift-argument-parser,504,closed,,,2,2022-10-10T19:27:12Z,2022-10-10T22:50:21Z,False
apple,swift-argument-parser,503,closed,,,3,2022-10-09T16:58:42Z,2022-10-09T18:12:10Z,False
apple,swift-argument-parser,502,closed,,,1,2022-10-06T16:28:51Z,2022-10-07T18:32:35Z,False
apple,swift-argument-parser,501,open,,,1,2022-10-04T20:30:59Z,,False
apple,swift-argument-parser,500,closed,,,0,2022-09-23T15:43:04Z,2022-11-08T19:46:00Z,False
apple,swift-argument-parser,499,open,enhancement,,1,2022-09-23T15:38:50Z,,False
apple,swift-argument-parser,498,closed,,,2,2022-09-23T15:33:42Z,2022-09-23T15:39:16Z,False
apple,swift-argument-parser,497,closed,,,2,2022-09-22T23:19:28Z,2022-09-23T15:39:17Z,False
apple,swift-argument-parser,496,closed,,,3,2022-09-22T21:55:53Z,2022-10-07T21:18:52Z,False
apple,swift-argument-parser,495,closed,,,3,2022-09-19T20:39:29Z,2022-09-22T14:43:49Z,False
apple,swift-argument-parser,494,closed,,,1,2022-09-19T19:04:46Z,2022-09-20T19:25:03Z,False
apple,swift-argument-parser,493,closed,,,2,2022-09-19T13:17:26Z,2022-10-08T19:38:10Z,False
apple,swift-argument-parser,492,closed,,,4,2022-09-17T17:43:33Z,2022-09-26T23:47:40Z,False
apple,swift-argument-parser,491,open,,,6,2022-09-17T11:21:48Z,,False
apple,swift-argument-parser,490,closed,,,3,2022-09-15T01:52:50Z,2022-09-17T17:28:40Z,False
apple,swift-argument-parser,489,closed,,,1,2022-09-13T18:52:39Z,2022-09-23T15:36:02Z,False
apple,swift-argument-parser,488,open,"enhancement, help wanted",,0,2022-09-10T01:11:37Z,,False
apple,swift-argument-parser,487,closed,,,1,2022-09-09T19:56:04Z,2022-09-09T20:12:31Z,False
apple,swift-argument-parser,486,closed,,,3,2022-09-08T14:18:04Z,2022-09-14T16:16:15Z,False
apple,swift-argument-parser,485,closed,,,0,2022-09-08T07:46:12Z,2022-09-14T16:15:49Z,False
apple,swift-argument-parser,484,closed,,,2,2022-09-02T11:58:59Z,2022-09-08T06:36:54Z,False
apple,swift-argument-parser,483,closed,,,1,2022-09-01T05:51:27Z,2022-11-15T22:04:37Z,False
apple,swift-argument-parser,482,open,,,0,2022-09-01T05:32:24Z,,False
apple,swift-argument-parser,481,closed,,,3,2022-08-31T03:22:22Z,2022-09-01T20:23:45Z,False
apple,swift-argument-parser,480,closed,,,2,2022-08-30T17:03:25Z,2022-08-31T03:23:15Z,False
apple,swift-argument-parser,479,open,,,4,2022-08-29T03:28:08Z,,False
apple,swift-argument-parser,478,closed,,,1,2022-08-26T23:54:51Z,2022-08-27T03:30:48Z,False
apple,swift-argument-parser,477,closed,,,4,2022-08-26T07:52:46Z,2022-09-10T23:40:31Z,False
apple,swift-argument-parser,476,closed,,,4,2022-08-26T00:35:58Z,2022-08-26T23:49:30Z,False
apple,swift-argument-parser,475,closed,,,2,2022-08-25T08:35:35Z,2022-08-26T07:15:45Z,False
apple,swift-argument-parser,474,closed,,,2,2022-08-25T08:27:02Z,2022-08-26T07:13:12Z,False
apple,swift-argument-parser,473,closed,,,2,2022-08-25T07:53:17Z,2022-08-26T07:08:04Z,False
apple,swift-argument-parser,472,closed,,,3,2022-08-25T07:39:38Z,2022-08-26T07:03:35Z,False
apple,swift-argument-parser,471,closed,,,1,2022-08-25T07:33:06Z,2022-08-25T16:47:58Z,False
apple,swift-argument-parser,470,closed,,,1,2022-08-24T06:09:22Z,2022-09-06T17:51:10Z,False
apple,swift-argument-parser,469,closed,,,0,2022-08-24T06:05:12Z,2022-09-07T00:28:05Z,False
apple,swift-argument-parser,468,closed,,,0,2022-08-16T05:45:51Z,2022-08-24T21:00:26Z,False
apple,swift-argument-parser,467,closed,,,0,2022-08-16T05:40:14Z,2022-08-25T00:14:11Z,False
apple,swift-argument-parser,466,closed,,,5,2022-08-12T14:36:29Z,2022-09-10T23:40:32Z,False
apple,swift-argument-parser,465,closed,,,1,2022-08-10T18:36:48Z,2022-09-19T15:13:30Z,False
apple,swift-argument-parser,464,closed,,,4,2022-08-08T12:38:55Z,2022-08-16T04:59:51Z,False
apple,swift-argument-parser,463,closed,,,2,2022-07-30T17:46:26Z,2022-09-01T20:23:46Z,False
apple,swift-argument-parser,462,closed,,,1,2022-07-27T13:44:17Z,2022-09-19T16:28:19Z,False
apple,swift-argument-parser,461,open,,,0,2022-07-27T13:32:38Z,,False
apple,swift-argument-parser,460,closed,,,0,2022-07-25T10:47:07Z,2022-07-28T01:02:15Z,False
apple,swift-argument-parser,459,closed,,,0,2022-07-22T10:52:13Z,2022-07-28T02:56:27Z,False
apple,swift-argument-parser,458,closed,,,1,2022-07-22T10:01:50Z,2022-07-25T10:51:19Z,False
apple,swift-argument-parser,457,closed,,,4,2022-07-22T09:52:43Z,2022-07-25T10:00:33Z,False
apple,swift-argument-parser,456,closed,,,8,2022-07-17T06:23:11Z,2022-08-13T21:01:02Z,False
apple,swift-argument-parser,455,closed,,,2,2022-07-17T06:14:05Z,2022-08-13T21:01:03Z,False
apple,swift-argument-parser,454,closed,,,4,2022-07-07T15:08:45Z,2022-07-22T09:45:57Z,False
apple,swift-argument-parser,453,closed,,,0,2022-07-01T09:58:57Z,2022-07-25T10:57:13Z,False
apple,swift-argument-parser,452,closed,,,1,2022-06-23T18:21:29Z,2022-06-23T18:28:27Z,False
apple,swift-argument-parser,451,closed,,,4,2022-06-21T09:29:23Z,2022-07-15T03:53:20Z,False
apple,swift-argument-parser,450,closed,,KeithBird,2,2022-06-14T07:36:16Z,2022-07-22T10:35:41Z,False
apple,swift-argument-parser,449,open,,KeithBird,1,2022-06-14T07:27:03Z,,False
apple,swift-argument-parser,448,closed,,KeithBird,1,2022-06-13T14:00:16Z,2022-09-08T06:40:59Z,False
apple,swift-argument-parser,447,open,enhancement,,6,2022-05-25T11:09:26Z,,False
apple,swift-argument-parser,446,closed,,,4,2022-05-14T16:58:39Z,2022-06-05T03:26:16Z,False
apple,swift-argument-parser,445,closed,,,2,2022-05-13T01:57:12Z,2022-05-17T16:36:30Z,False
apple,swift-argument-parser,444,open,,,1,2022-05-10T10:14:20Z,,False
apple,swift-argument-parser,443,closed,,,1,2022-04-23T04:10:54Z,2022-04-24T01:56:16Z,False
apple,swift-argument-parser,442,closed,,,0,2022-04-18T22:41:24Z,2022-04-24T01:56:16Z,False
apple,swift-argument-parser,441,closed,,,1,2022-04-11T18:46:04Z,2022-04-11T18:49:23Z,False
apple,swift-argument-parser,440,closed,,,1,2022-04-07T04:06:37Z,2022-06-23T18:06:58Z,False
apple,swift-argument-parser,439,closed,,,0,2022-04-06T11:50:36Z,2022-04-08T15:16:08Z,False
apple,swift-argument-parser,438,closed,,,2,2022-04-01T06:40:20Z,2022-04-02T20:10:59Z,False
apple,swift-argument-parser,437,closed,,,4,2022-03-27T12:32:52Z,2022-04-02T20:13:09Z,False
apple,swift-argument-parser,436,closed,,,6,2022-03-27T12:05:03Z,2022-06-13T17:50:43Z,False
apple,swift-argument-parser,435,closed,,,1,2022-03-26T13:19:37Z,2022-04-04T04:58:31Z,False
apple,swift-argument-parser,434,closed,"bug, good first issue",,1,2022-03-25T16:55:42Z,2022-05-11T20:12:48Z,False
apple,swift-argument-parser,433,closed,"enhancement, good first issue",,4,2022-03-25T00:23:55Z,2022-08-07T22:55:16Z,False
apple,swift-argument-parser,432,closed,,,1,2022-03-24T05:41:59Z,2022-03-27T10:34:00Z,False
apple,swift-argument-parser,431,closed,,,1,2022-03-23T10:58:35Z,2022-03-27T17:00:38Z,False
apple,swift-argument-parser,430,closed,,,3,2022-03-22T23:02:02Z,2022-04-25T03:07:07Z,False
apple,swift-argument-parser,429,closed,,,4,2022-03-20T08:03:02Z,2022-05-11T19:47:54Z,False
apple,swift-argument-parser,428,closed,,,1,2022-03-16T12:54:32Z,2022-03-16T13:18:20Z,False
apple,swift-argument-parser,427,closed,,,1,2022-03-16T12:10:14Z,2022-03-16T12:30:47Z,False
apple,swift-argument-parser,426,closed,,,2,2022-03-16T10:21:52Z,2022-03-16T12:30:47Z,False
apple,swift-argument-parser,425,closed,,,3,2022-03-15T22:49:39Z,2022-03-16T12:49:48Z,False
apple,swift-argument-parser,424,closed,,,8,2022-03-15T21:20:15Z,2022-03-31T17:33:46Z,False
apple,swift-argument-parser,423,closed,,,4,2022-03-15T19:18:34Z,2022-03-15T21:02:18Z,False
apple,swift-argument-parser,422,closed,,,1,2022-03-15T15:44:19Z,2022-03-15T17:05:10Z,False
apple,swift-argument-parser,421,closed,,,1,2022-03-15T06:32:06Z,2022-03-15T06:34:11Z,False
apple,swift-argument-parser,420,closed,,,1,2022-03-15T05:52:02Z,2022-03-15T05:59:38Z,False
apple,swift-argument-parser,419,closed,,,2,2022-03-15T04:19:19Z,2022-03-15T04:51:10Z,False
apple,swift-argument-parser,418,closed,,,2,2022-03-13T06:24:35Z,2022-03-14T18:47:33Z,False
apple,swift-argument-parser,417,closed,,,3,2022-03-11T19:15:28Z,2022-03-12T18:33:20Z,False
apple,swift-argument-parser,416,closed,,,2,2022-03-03T23:03:50Z,2022-03-08T00:40:34Z,False
apple,swift-argument-parser,415,closed,,,1,2022-02-17T02:31:46Z,2022-02-18T02:29:07Z,False
apple,swift-argument-parser,414,closed,,,1,2022-02-15T10:13:56Z,2022-02-15T18:00:11Z,False
apple,swift-argument-parser,413,closed,,,3,2022-02-15T06:55:31Z,2022-02-15T18:55:27Z,False
apple,swift-argument-parser,412,closed,,,6,2022-02-15T06:23:29Z,2022-02-15T20:57:43Z,False
apple,swift-argument-parser,411,closed,,,1,2022-02-13T00:30:59Z,2022-02-14T19:17:06Z,False
apple,swift-argument-parser,410,closed,,,3,2022-02-12T05:35:49Z,2022-02-13T00:11:07Z,False
apple,swift-argument-parser,409,closed,,,2,2022-02-12T02:12:22Z,2022-02-12T22:50:10Z,False
apple,swift-argument-parser,408,closed,,,2,2022-02-12T01:24:32Z,2022-02-12T22:35:31Z,False
apple,swift-argument-parser,407,closed,,,2,2022-02-12T01:06:14Z,2022-02-12T22:34:06Z,False
apple,swift-argument-parser,406,closed,,,1,2022-02-12T00:29:17Z,2022-02-12T06:54:21Z,False
apple,swift-argument-parser,405,closed,,,6,2022-02-11T22:58:36Z,2022-02-15T05:54:57Z,False
apple,swift-argument-parser,404,closed,,,13,2022-02-11T20:11:26Z,2022-03-14T23:14:10Z,False
apple,swift-argument-parser,403,closed,,,1,2022-02-04T15:59:46Z,2022-02-11T20:26:46Z,False
apple,swift-argument-parser,402,open,,,3,2022-02-03T23:22:09Z,,False
apple,swift-argument-parser,401,closed,enhancement,,1,2022-02-03T00:19:00Z,2022-05-17T16:37:22Z,False
apple,swift-argument-parser,400,closed,,,3,2022-02-01T20:56:33Z,2022-02-11T19:41:27Z,False
apple,swift-argument-parser,399,closed,,,1,2022-02-01T05:59:32Z,2022-02-01T06:18:11Z,False
apple,swift-argument-parser,398,closed,,,1,2022-01-31T22:59:44Z,2022-02-01T20:51:02Z,False
apple,swift-argument-parser,397,closed,,,1,2022-01-31T18:45:27Z,2022-01-31T20:55:20Z,False
apple,swift-argument-parser,396,closed,,,1,2022-01-27T19:55:51Z,2022-01-28T18:58:23Z,False
apple,swift-argument-parser,395,closed,,,2,2022-01-25T19:02:46Z,2022-01-28T19:03:44Z,False
apple,swift-argument-parser,394,closed,,,1,2022-01-20T08:21:05Z,2022-02-01T18:02:51Z,False
apple,swift-argument-parser,393,closed,,,3,2022-01-18T23:22:15Z,2022-01-20T00:05:01Z,False
apple,swift-argument-parser,392,closed,,,5,2022-01-17T22:56:15Z,2022-02-13T22:28:49Z,False
apple,swift-argument-parser,391,closed,,,5,2022-01-17T21:31:29Z,2022-01-25T16:43:44Z,False
apple,swift-argument-parser,390,closed,,,3,2022-01-13T21:22:00Z,2022-01-21T15:33:25Z,False
apple,swift-argument-parser,389,closed,,,3,2022-01-13T09:51:02Z,2022-01-19T05:05:51Z,False
apple,swift-argument-parser,388,closed,,,2,2022-01-11T16:22:51Z,2022-01-11T22:47:13Z,False
apple,swift-argument-parser,387,closed,,,3,2022-01-09T04:57:21Z,2022-01-10T21:58:49Z,False
apple,swift-argument-parser,386,closed,,,5,2022-01-09T04:40:14Z,2022-01-10T21:18:53Z,False
apple,swift-argument-parser,385,closed,,,4,2022-01-09T04:33:31Z,2022-01-10T22:02:51Z,False
apple,swift-argument-parser,384,closed,"enhancement, good first issue",McNight,3,2022-01-05T22:06:08Z,2022-01-22T06:53:25Z,False
apple,swift-argument-parser,383,closed,,,1,2022-01-03T20:27:45Z,2022-01-03T21:59:54Z,False
apple,swift-argument-parser,382,closed,,,8,2022-01-01T03:19:50Z,2022-01-05T17:02:31Z,False
apple,swift-argument-parser,381,closed,good first issue,,3,2021-12-24T03:17:10Z,2022-02-14T19:20:58Z,False
apple,swift-argument-parser,380,open,,,8,2021-12-22T13:07:58Z,,False
apple,swift-argument-parser,379,closed,,,1,2021-12-13T17:08:51Z,2022-01-03T19:43:43Z,False
apple,swift-argument-parser,378,closed,,,3,2021-12-10T17:46:19Z,2021-12-13T17:11:05Z,False
apple,swift-argument-parser,377,closed,,,6,2021-12-08T06:45:16Z,2021-12-10T19:31:20Z,False
apple,swift-argument-parser,376,open,,,5,2021-12-08T06:20:38Z,,False
apple,swift-argument-parser,375,closed,good first issue,,0,2021-11-14T09:59:12Z,2022-01-10T21:58:49Z,False
apple,swift-argument-parser,373,closed,,,1,2021-11-09T22:36:30Z,2021-11-10T17:04:25Z,False
apple,swift-argument-parser,372,closed,,,2,2021-11-08T23:21:34Z,2021-11-09T01:50:43Z,False
apple,swift-argument-parser,371,open,bug,,0,2021-11-08T22:08:09Z,,False
apple,swift-argument-parser,370,closed,,,2,2021-11-05T06:23:16Z,2021-12-07T04:16:27Z,False
apple,swift-argument-parser,369,closed,"bug, good first issue",,1,2021-11-04T20:33:29Z,2022-01-10T21:18:53Z,False
apple,swift-argument-parser,368,closed,,,2,2021-10-30T10:45:13Z,2021-12-10T22:01:09Z,False
apple,swift-argument-parser,367,closed,,,10,2021-10-27T05:47:22Z,2022-05-11T19:10:02Z,False
apple,swift-argument-parser,366,closed,,,14,2021-10-27T05:37:45Z,2022-02-11T20:25:22Z,False
apple,swift-argument-parser,365,open,,,3,2021-10-27T05:20:48Z,,False
apple,swift-argument-parser,364,closed,,,5,2021-10-20T16:19:20Z,2021-12-07T16:47:44Z,False
apple,swift-argument-parser,363,closed,,,7,2021-10-14T09:19:11Z,2022-01-06T15:56:44Z,False
apple,swift-argument-parser,362,closed,,,6,2021-10-10T20:22:51Z,2021-12-16T14:09:10Z,False
apple,swift-argument-parser,361,open,documentation,,1,2021-09-30T13:41:12Z,,False
apple,swift-argument-parser,360,closed,,,3,2021-09-29T07:14:33Z,2022-01-12T17:29:04Z,False
apple,swift-argument-parser,359,closed,,,1,2021-09-24T22:57:36Z,2021-12-10T22:07:30Z,False
apple,swift-argument-parser,358,closed,,,0,2021-09-19T23:10:15Z,2022-01-12T17:29:04Z,False
apple,swift-argument-parser,357,closed,,,1,2021-09-14T14:44:49Z,2021-09-14T14:47:00Z,False
apple,swift-argument-parser,356,closed,,,4,2021-09-12T21:35:04Z,2021-09-13T21:24:34Z,False
apple,swift-argument-parser,355,closed,,,1,2021-09-11T00:01:45Z,2021-09-11T00:04:33Z,False
apple,swift-argument-parser,354,closed,,,1,2021-09-10T23:07:22Z,2021-09-10T23:30:09Z,False
apple,swift-argument-parser,353,closed,,,1,2021-09-10T22:47:55Z,2021-09-10T22:54:36Z,False
apple,swift-argument-parser,352,closed,bug,,2,2021-09-07T17:42:50Z,2021-09-09T18:54:59Z,False
apple,swift-argument-parser,351,closed,,,2,2021-09-03T16:31:29Z,2021-09-03T17:30:52Z,False
apple,swift-argument-parser,350,closed,,,1,2021-08-31T18:03:28Z,2021-09-01T21:42:17Z,False
apple,swift-argument-parser,349,closed,,,2,2021-08-30T22:32:31Z,2021-08-30T23:17:53Z,False
apple,swift-argument-parser,348,closed,,,2,2021-08-30T13:52:02Z,2021-11-25T16:06:59Z,False
apple,swift-argument-parser,347,closed,,,5,2021-08-26T17:55:27Z,2021-09-10T17:50:42Z,False
apple,swift-argument-parser,346,closed,,,3,2021-08-18T16:13:41Z,2021-08-25T18:11:51Z,False
apple,swift-argument-parser,345,closed,,,1,2021-08-18T13:13:49Z,2022-02-14T19:21:48Z,False
apple,swift-argument-parser,344,closed,enhancement,,1,2021-08-18T00:10:35Z,2022-01-05T17:04:29Z,False
apple,swift-argument-parser,343,open,enhancement,,0,2021-08-10T21:35:52Z,,False
apple,swift-argument-parser,342,closed,,,2,2021-07-30T17:04:29Z,2021-07-30T17:15:08Z,False
apple,swift-argument-parser,341,closed,bug,rauhul,4,2021-07-26T21:02:11Z,2021-07-29T18:23:51Z,False
apple,swift-argument-parser,340,closed,bug,,0,2021-07-21T03:32:51Z,2021-07-29T18:23:50Z,False
apple,swift-argument-parser,339,closed,,,1,2021-07-19T18:25:05Z,2021-07-20T17:59:36Z,False
apple,swift-argument-parser,338,closed,bug,,4,2021-07-18T05:48:01Z,2021-08-04T15:03:35Z,False
apple,swift-argument-parser,337,open,,,2,2021-07-09T21:00:47Z,,False
apple,swift-argument-parser,336,closed,,,2,2021-07-08T22:31:12Z,2021-07-09T15:28:53Z,False
apple,swift-argument-parser,335,closed,enhancement,,15,2021-07-08T04:16:21Z,2021-08-26T19:21:45Z,False
apple,swift-argument-parser,334,closed,,,2,2021-06-30T14:51:56Z,2021-06-30T17:45:20Z,False
apple,swift-argument-parser,333,closed,breaking change,,1,2021-06-29T22:04:32Z,2021-07-02T22:39:31Z,False
apple,swift-argument-parser,332,closed,,,14,2021-06-22T04:45:29Z,2022-06-06T16:09:35Z,False
apple,swift-argument-parser,331,closed,bug,,0,2021-06-21T14:30:20Z,2021-07-02T22:39:31Z,False
apple,swift-argument-parser,330,closed,,,2,2021-06-21T11:26:28Z,2021-08-05T12:39:18Z,False
apple,swift-argument-parser,329,closed,,,2,2021-06-18T14:37:48Z,2021-06-21T16:18:33Z,False
apple,swift-argument-parser,328,open,enhancement,,0,2021-06-14T17:35:22Z,,False
apple,swift-argument-parser,327,closed,bug,,2,2021-06-12T01:35:15Z,2021-09-10T22:54:35Z,False
apple,swift-argument-parser,326,closed,,,14,2021-06-11T21:34:30Z,2022-03-14T23:14:10Z,False
apple,swift-argument-parser,325,open,,,0,2021-06-10T09:38:23Z,,False
apple,swift-argument-parser,324,closed,,,1,2021-06-06T02:03:37Z,2021-06-09T16:28:01Z,False
apple,swift-argument-parser,323,closed,,,5,2021-06-03T19:04:12Z,2021-06-10T16:07:02Z,False
apple,swift-argument-parser,322,closed,bug,,3,2021-06-03T00:11:23Z,2022-09-22T14:44:07Z,False
apple,swift-argument-parser,321,closed,,,3,2021-06-01T23:17:42Z,2021-06-04T14:59:00Z,False
apple,swift-argument-parser,320,closed,,,4,2021-06-01T23:08:22Z,2021-06-04T14:53:48Z,False
apple,swift-argument-parser,319,closed,,,6,2021-05-24T16:03:50Z,2023-03-05T23:02:39Z,False
apple,swift-argument-parser,318,closed,,,3,2021-05-22T16:21:55Z,2021-05-22T19:31:05Z,False
apple,swift-argument-parser,317,open,,,13,2021-05-20T17:38:16Z,,False
apple,swift-argument-parser,316,closed,,,11,2021-05-20T16:47:41Z,2021-05-22T15:59:37Z,False
apple,swift-argument-parser,315,closed,,,4,2021-05-19T21:34:04Z,2021-05-21T00:03:19Z,False
apple,swift-argument-parser,314,closed,"enhancement, good first issue",,0,2021-05-19T04:36:22Z,2021-06-09T16:28:01Z,False
apple,swift-argument-parser,313,closed,,,1,2021-05-18T16:20:04Z,2021-05-18T16:32:00Z,False
apple,swift-argument-parser,312,closed,,,1,2021-05-17T18:33:35Z,2021-05-17T20:31:50Z,False
apple,swift-argument-parser,311,closed,,,2,2021-05-17T18:17:40Z,2021-05-17T20:32:18Z,False
apple,swift-argument-parser,310,closed,,,10,2021-05-17T09:46:21Z,2021-07-07T18:09:22Z,False
apple,swift-argument-parser,309,closed,,,1,2021-05-14T22:23:23Z,2021-05-14T22:28:32Z,False
apple,swift-argument-parser,308,closed,,,1,2021-05-14T15:21:34Z,2021-05-14T15:27:05Z,False
apple,swift-argument-parser,307,closed,,,12,2021-05-12T08:21:15Z,2021-05-29T13:36:02Z,False
apple,swift-argument-parser,306,closed,,,6,2021-04-29T05:50:23Z,2021-04-29T18:07:37Z,False
apple,swift-argument-parser,305,closed,,,1,2021-04-28T15:33:42Z,2021-04-28T15:41:32Z,False
apple,swift-argument-parser,304,closed,breaking change,,2,2021-04-28T15:26:44Z,2021-05-15T02:39:51Z,False
apple,swift-argument-parser,303,closed,,,1,2021-04-22T16:01:58Z,2021-04-26T18:38:10Z,False
apple,swift-argument-parser,302,closed,,,1,2021-04-21T22:58:50Z,2021-04-21T23:00:54Z,False
apple,swift-argument-parser,301,closed,,,3,2021-04-19T22:45:38Z,2021-04-25T02:28:11Z,False
apple,swift-argument-parser,300,closed,,natecook1000,6,2021-04-15T18:33:14Z,2021-04-21T17:17:33Z,False
apple,swift-argument-parser,299,closed,breaking change,,3,2021-04-15T06:28:26Z,2021-05-15T15:30:49Z,False
apple,swift-argument-parser,298,closed,,,1,2021-04-15T06:25:04Z,2021-04-15T06:28:48Z,False
apple,swift-argument-parser,297,open,enhancement,,0,2021-04-14T12:13:23Z,,False
apple,swift-argument-parser,296,open,,,10,2021-04-03T14:58:23Z,,False
apple,swift-argument-parser,295,open,bug,,1,2021-04-03T13:52:12Z,,False
apple,swift-argument-parser,294,closed,enhancement,,1,2021-04-02T20:40:35Z,2022-02-20T06:40:47Z,False
apple,swift-argument-parser,293,closed,,,2,2021-03-24T08:52:36Z,2021-05-22T14:34:43Z,False
apple,swift-argument-parser,292,closed,,,1,2021-03-19T19:36:30Z,2021-03-24T19:20:36Z,False
apple,swift-argument-parser,291,closed,,,4,2021-03-17T21:00:53Z,2021-03-29T17:46:27Z,False
apple,swift-argument-parser,290,closed,,,4,2021-03-15T06:30:09Z,2021-04-15T06:07:24Z,False
apple,swift-argument-parser,289,closed,,,1,2021-03-12T00:30:09Z,2021-03-12T07:07:13Z,False
apple,swift-argument-parser,288,closed,,,4,2021-03-09T00:19:59Z,2021-05-14T22:29:48Z,False
apple,swift-argument-parser,287,closed,,,1,2021-03-08T20:57:22Z,2021-03-08T21:00:42Z,False
apple,swift-argument-parser,286,closed,,,1,2021-03-06T19:53:26Z,2021-03-07T01:02:45Z,False
apple,swift-argument-parser,285,closed,bug,,6,2021-03-05T23:34:03Z,2021-03-07T01:02:45Z,False
apple,swift-argument-parser,284,closed,,,1,2021-03-05T22:57:15Z,2021-03-06T19:10:44Z,False
apple,swift-argument-parser,283,closed,,,1,2021-03-05T22:32:41Z,2021-03-06T19:11:58Z,False
apple,swift-argument-parser,282,closed,good first issue,,0,2021-03-05T20:01:14Z,2021-03-06T19:11:58Z,False
apple,swift-argument-parser,281,closed,,,1,2021-03-04T21:47:56Z,2021-03-04T21:50:43Z,False
apple,swift-argument-parser,280,closed,,,2,2021-03-04T19:27:07Z,2021-03-04T20:01:38Z,False
apple,swift-argument-parser,279,closed,documentation,,8,2021-03-04T18:36:19Z,2022-03-15T15:28:02Z,False
apple,swift-argument-parser,278,closed,"bug, good first issue",,1,2021-03-03T08:58:09Z,2021-05-17T20:31:49Z,False
apple,swift-argument-parser,277,closed,"bug, good first issue",,2,2021-02-23T22:21:41Z,2021-03-06T19:10:43Z,False
apple,swift-argument-parser,276,closed,,,3,2021-02-16T15:36:14Z,2021-02-18T20:03:13Z,False
apple,swift-argument-parser,275,closed,,,6,2021-02-14T23:38:47Z,2021-02-16T15:30:31Z,False
apple,swift-argument-parser,274,open,enhancement,,7,2021-02-13T16:56:50Z,,False
apple,swift-argument-parser,273,closed,,,1,2021-02-11T16:50:40Z,2021-02-11T16:53:39Z,False
apple,swift-argument-parser,272,closed,,,2,2021-02-11T13:00:16Z,2021-02-15T23:17:14Z,False
apple,swift-argument-parser,271,closed,,,2,2021-02-11T07:26:29Z,2021-02-11T16:41:47Z,False
apple,swift-argument-parser,270,closed,"bug, good first issue",,0,2021-02-09T07:35:08Z,2021-02-15T23:17:13Z,False
apple,swift-argument-parser,269,open,bug,,6,2021-02-09T07:02:53Z,,False
apple,swift-argument-parser,268,closed,,,5,2021-02-08T21:18:56Z,2021-02-15T21:28:14Z,False
apple,swift-argument-parser,267,closed,enhancement,,1,2021-02-08T05:29:15Z,2022-09-26T23:47:41Z,False
apple,swift-argument-parser,266,closed,,,6,2021-02-08T03:15:50Z,2021-02-09T17:06:10Z,False
apple,swift-argument-parser,265,closed,,,0,2021-02-07T23:51:04Z,2021-02-15T21:28:14Z,False
apple,swift-argument-parser,264,closed,"bug, good first issue",,0,2021-02-05T15:50:26Z,2021-02-11T16:41:47Z,False
apple,swift-argument-parser,263,closed,,,1,2021-01-16T07:27:56Z,2021-01-16T08:32:25Z,False
apple,swift-argument-parser,262,closed,,,2,2021-01-16T06:17:46Z,2021-01-16T06:47:12Z,False
apple,swift-argument-parser,261,closed,,,1,2021-01-16T05:44:39Z,2021-01-16T05:46:49Z,False
apple,swift-argument-parser,260,closed,bug,,0,2021-01-11T11:48:35Z,2021-04-21T17:17:33Z,False
apple,swift-argument-parser,259,closed,good first issue,,3,2021-01-05T16:09:37Z,2021-05-14T22:28:32Z,False
apple,swift-argument-parser,258,closed,,,8,2020-12-16T16:11:56Z,2021-01-16T06:04:32Z,False
apple,swift-argument-parser,257,closed,,,9,2020-12-08T22:32:16Z,2020-12-10T22:02:34Z,False
apple,swift-argument-parser,256,closed,,,3,2020-12-03T11:21:15Z,2021-01-05T16:22:32Z,False
apple,swift-argument-parser,255,open,enhancement,,2,2020-11-23T08:24:59Z,,False
apple,swift-argument-parser,254,open,,,2,2020-11-17T14:27:19Z,,False
apple,swift-argument-parser,253,closed,,,5,2020-10-25T08:58:12Z,2020-11-02T07:32:59Z,False
apple,swift-argument-parser,252,closed,,,4,2020-10-24T00:42:59Z,2020-10-28T15:17:12Z,False
apple,swift-argument-parser,251,closed,,,2,2020-10-23T15:11:40Z,2021-01-16T05:53:39Z,False
apple,swift-argument-parser,250,closed,,,6,2020-10-21T12:38:51Z,2020-10-25T08:54:07Z,False
apple,swift-argument-parser,249,closed,,,3,2020-10-18T19:29:16Z,2020-10-20T18:14:23Z,False
apple,swift-argument-parser,248,open,"enhancement, good first issue",,5,2020-10-11T17:16:00Z,,False
apple,swift-argument-parser,247,open,,,2,2020-10-06T19:32:34Z,,False
apple,swift-argument-parser,246,closed,,,4,2020-10-05T18:07:52Z,2020-10-06T07:05:25Z,False
apple,swift-argument-parser,245,closed,,,2,2020-10-03T08:40:18Z,2020-11-17T03:32:34Z,False
apple,swift-argument-parser,244,closed,,,5,2020-10-02T04:42:23Z,2020-11-05T19:37:37Z,False
apple,swift-argument-parser,243,closed,"bug, good first issue",,2,2020-10-01T14:52:15Z,2020-11-05T19:37:38Z,False
apple,swift-argument-parser,242,closed,,,1,2020-09-24T19:38:17Z,2020-09-24T19:59:36Z,False
apple,swift-argument-parser,241,open,enhancement,,0,2020-09-20T07:09:47Z,,False
apple,swift-argument-parser,240,closed,,,1,2020-09-17T16:48:13Z,2021-01-16T06:18:23Z,False
apple,swift-argument-parser,239,closed,,,3,2020-09-16T20:03:02Z,2020-09-18T16:55:08Z,False
apple,swift-argument-parser,238,closed,,,10,2020-09-14T21:45:34Z,2020-09-20T03:07:32Z,False
apple,swift-argument-parser,237,closed,,,1,2020-09-02T15:36:48Z,2020-09-02T15:42:00Z,False
apple,swift-argument-parser,236,closed,,,1,2020-09-02T15:25:47Z,2020-09-02T15:29:22Z,False
apple,swift-argument-parser,235,closed,,,1,2020-09-01T23:39:36Z,2020-09-02T02:07:36Z,False
apple,swift-argument-parser,234,closed,,,1,2020-09-01T14:28:21Z,2020-09-01T14:31:42Z,False
apple,swift-argument-parser,233,closed,,,1,2020-08-28T21:22:55Z,2020-08-28T21:37:31Z,False
apple,swift-argument-parser,232,closed,,,1,2020-08-28T21:21:06Z,2020-08-28T21:37:23Z,False
apple,swift-argument-parser,231,closed,"bug, good first issue",,0,2020-08-28T20:54:32Z,2020-08-28T21:37:23Z,False
apple,swift-argument-parser,230,open,enhancement,,4,2020-08-26T07:20:55Z,,False
apple,swift-argument-parser,229,closed,,,1,2020-08-15T18:12:02Z,2020-08-15T18:14:52Z,False
apple,swift-argument-parser,228,closed,,,1,2020-08-12T19:14:03Z,2020-08-12T19:17:59Z,False
apple,swift-argument-parser,227,closed,,,2,2020-08-09T20:26:33Z,2020-08-28T21:04:46Z,False
apple,swift-argument-parser,226,closed,,,12,2020-08-08T09:45:42Z,2020-08-13T17:11:09Z,False
apple,swift-argument-parser,225,closed,,,1,2020-08-06T13:26:35Z,2020-08-06T15:58:16Z,False
apple,swift-argument-parser,224,closed,,,1,2020-08-05T17:19:28Z,2020-08-05T17:46:51Z,False
apple,swift-argument-parser,223,closed,,,1,2020-08-05T03:49:24Z,2020-08-05T13:46:12Z,False
apple,swift-argument-parser,222,closed,,,8,2020-08-02T19:27:02Z,2020-08-05T03:51:33Z,False
apple,swift-argument-parser,221,closed,,,2,2020-08-02T18:53:59Z,2020-08-05T03:51:33Z,False
apple,swift-argument-parser,220,closed,"bug, wontfix",,2,2020-08-01T02:23:54Z,2021-04-21T06:49:47Z,False
apple,swift-argument-parser,219,closed,,,2,2020-08-01T00:03:21Z,2020-08-03T19:26:25Z,False
apple,swift-argument-parser,218,closed,"bug, good first issue",,1,2020-07-31T12:17:08Z,2020-08-05T03:51:32Z,False
apple,swift-argument-parser,217,closed,,,1,2020-07-31T10:55:33Z,2020-07-31T21:23:23Z,False
apple,swift-argument-parser,216,closed,,,4,2020-07-31T04:54:29Z,2020-08-05T16:49:06Z,False
apple,swift-argument-parser,215,closed,"bug, good first issue",,2,2020-07-31T00:15:50Z,2021-01-16T05:53:39Z,False
apple,swift-argument-parser,214,closed,"enhancement, help wanted",,1,2020-07-30T16:20:09Z,2020-08-15T16:24:12Z,False
apple,swift-argument-parser,213,closed,,,1,2020-07-30T15:52:21Z,2020-07-30T16:15:37Z,False
apple,swift-argument-parser,212,closed,,,1,2020-07-29T23:12:21Z,2020-07-30T15:49:58Z,False
apple,swift-argument-parser,211,closed,,,1,2020-07-28T19:20:50Z,2020-07-29T22:25:24Z,False
apple,swift-argument-parser,210,closed,,,1,2020-07-28T03:19:25Z,2020-07-28T16:34:12Z,False
apple,swift-argument-parser,209,closed,,,15,2020-07-26T19:54:58Z,2020-07-28T16:39:25Z,False
apple,swift-argument-parser,208,closed,,,1,2020-07-26T19:17:00Z,2020-07-28T16:39:25Z,False
apple,swift-argument-parser,207,closed,,,2,2020-07-25T15:29:08Z,2020-07-27T22:24:09Z,False
apple,swift-argument-parser,206,closed,,,1,2020-07-25T02:15:22Z,2020-07-27T22:24:09Z,False
apple,swift-argument-parser,205,closed,,,7,2020-07-22T16:59:53Z,2020-10-06T19:14:45Z,False
apple,swift-argument-parser,204,closed,,,4,2020-07-20T23:54:16Z,2022-05-17T23:28:56Z,False
apple,swift-argument-parser,203,open,"enhancement, help wanted",,1,2020-07-20T15:22:04Z,,False
apple,swift-argument-parser,202,open,,,3,2020-06-30T21:57:14Z,,False
apple,swift-argument-parser,201,closed,,,1,2020-06-29T20:45:06Z,2020-06-30T03:25:47Z,False
apple,swift-argument-parser,200,closed,,,0,2020-06-29T14:44:28Z,2020-06-29T14:59:40Z,False
apple,swift-argument-parser,199,open,enhancement,,0,2020-06-27T17:11:08Z,,False
apple,swift-argument-parser,198,closed,,,2,2020-06-26T11:02:07Z,2020-06-28T19:03:59Z,False
apple,swift-argument-parser,197,closed,,,4,2020-06-26T09:48:04Z,2020-06-29T19:53:50Z,False
apple,swift-argument-parser,196,closed,,,8,2020-06-25T07:52:48Z,2020-08-14T20:00:08Z,False
apple,swift-argument-parser,195,closed,,,1,2020-06-23T15:58:30Z,2020-06-23T16:00:17Z,False
apple,swift-argument-parser,194,closed,,,3,2020-06-23T15:56:31Z,2020-06-23T16:02:54Z,False
apple,swift-argument-parser,193,closed,,,1,2020-06-23T15:37:40Z,2020-06-23T15:43:51Z,False
apple,swift-argument-parser,192,closed,"bug, good first issue",,0,2020-06-23T12:05:15Z,2020-06-29T19:53:50Z,False
apple,swift-argument-parser,191,closed,,,2,2020-06-22T01:10:59Z,2020-07-16T09:18:38Z,False
apple,swift-argument-parser,190,closed,enhancement,,6,2020-06-16T19:49:42Z,2020-06-17T19:10:18Z,False
apple,swift-argument-parser,189,closed,,,5,2020-06-16T04:39:53Z,2020-06-16T18:44:40Z,False
apple,swift-argument-parser,188,closed,,,3,2020-06-15T20:23:58Z,2020-10-06T19:14:44Z,False
apple,swift-argument-parser,187,closed,,,1,2020-06-15T19:11:59Z,2020-06-15T19:32:37Z,False
apple,swift-argument-parser,186,closed,,,1,2020-06-15T17:08:55Z,2020-06-22T18:53:32Z,False
apple,swift-argument-parser,185,closed,,,1,2020-06-11T22:10:16Z,2020-06-12T04:29:03Z,False
apple,swift-argument-parser,184,open,enhancement,,0,2020-06-10T22:01:54Z,,False
apple,swift-argument-parser,183,closed,,,3,2020-06-10T03:48:15Z,2020-06-11T16:09:27Z,False
apple,swift-argument-parser,182,closed,,,3,2020-06-09T13:17:56Z,2020-06-09T16:10:50Z,False
apple,swift-argument-parser,181,closed,,,1,2020-06-06T23:46:22Z,2020-06-06T23:49:52Z,False
apple,swift-argument-parser,180,closed,,,0,2020-06-05T02:22:46Z,2020-06-06T23:49:52Z,False
apple,swift-argument-parser,179,closed,,,1,2020-06-04T09:40:12Z,2020-06-09T22:14:07Z,False
apple,swift-argument-parser,178,closed,,,4,2020-06-03T18:41:29Z,2020-06-03T18:56:45Z,False
apple,swift-argument-parser,177,closed,,,1,2020-06-03T16:13:51Z,2020-06-03T16:18:43Z,False
apple,swift-argument-parser,176,closed,,,1,2020-06-03T06:29:19Z,2020-06-03T13:45:15Z,False
apple,swift-argument-parser,175,closed,,,1,2020-06-02T22:40:20Z,2020-06-03T00:10:07Z,False
apple,swift-argument-parser,174,closed,,,4,2020-06-02T22:33:23Z,2020-06-03T00:13:38Z,False
apple,swift-argument-parser,173,closed,,,3,2020-06-01T21:56:06Z,2020-06-02T02:47:22Z,False
apple,swift-argument-parser,172,closed,,,1,2020-06-01T21:10:48Z,2020-06-01T21:14:16Z,False
apple,swift-argument-parser,171,closed,,,3,2020-06-01T10:30:54Z,2020-06-02T02:47:03Z,False
apple,swift-argument-parser,170,closed,,,16,2020-05-30T09:21:30Z,2020-06-23T04:12:52Z,False
apple,swift-argument-parser,169,open,enhancement,,2,2020-05-28T14:35:12Z,,False
apple,swift-argument-parser,168,closed,,,1,2020-05-28T06:01:41Z,2020-05-28T06:13:16Z,False
apple,swift-argument-parser,167,closed,"bug, good first issue",,8,2020-05-23T20:23:19Z,2020-06-09T22:18:40Z,False
apple,swift-argument-parser,166,closed,,,2,2020-05-23T18:26:10Z,2020-05-27T22:05:48Z,False
apple,swift-argument-parser,165,closed,,,1,2020-05-22T19:21:31Z,2020-05-22T22:04:15Z,False
apple,swift-argument-parser,164,closed,"enhancement, good first issue, help wanted",,8,2020-05-22T15:42:08Z,2021-07-07T18:09:22Z,False
apple,swift-argument-parser,163,closed,,,1,2020-05-21T16:35:33Z,2020-06-02T19:07:16Z,False
apple,swift-argument-parser,162,closed,,,1,2020-05-21T16:06:20Z,2020-06-01T21:13:44Z,False
apple,swift-argument-parser,161,closed,,,2,2020-05-20T17:39:03Z,2020-05-21T06:18:44Z,False
apple,swift-argument-parser,160,open,enhancement,,0,2020-05-20T16:08:24Z,,False
apple,swift-argument-parser,159,open,"enhancement, good first issue",,4,2020-05-20T16:05:38Z,,False
apple,swift-argument-parser,158,open,,,0,2020-05-20T16:00:32Z,,False
apple,swift-argument-parser,157,open,enhancement,,1,2020-05-20T15:56:49Z,,False
apple,swift-argument-parser,156,closed,"bug, good first issue",,2,2020-05-19T23:49:49Z,2020-05-21T15:28:47Z,False
apple,swift-argument-parser,155,open,enhancement,,1,2020-05-19T23:46:33Z,,False
apple,swift-argument-parser,154,open,,,3,2020-05-19T23:42:26Z,,False
apple,swift-argument-parser,153,closed,duplicate,,2,2020-05-18T21:01:19Z,2020-05-20T15:13:12Z,False
apple,swift-argument-parser,152,open,,,1,2020-05-17T21:45:32Z,,False
apple,swift-argument-parser,151,open,enhancement,,9,2020-05-15T04:27:51Z,,False
apple,swift-argument-parser,150,closed,,,3,2020-05-15T04:24:41Z,2020-05-16T17:41:05Z,False
apple,swift-argument-parser,149,closed,bug,,3,2020-05-15T00:39:01Z,2020-05-27T22:06:26Z,False
apple,swift-argument-parser,148,closed,,,2,2020-05-14T23:34:10Z,2020-05-16T17:39:57Z,False
apple,swift-argument-parser,147,closed,,,2,2020-05-14T22:10:22Z,2020-05-15T20:16:06Z,False
apple,swift-argument-parser,146,closed,,,3,2020-05-14T18:17:06Z,2020-05-15T20:01:13Z,False
apple,swift-argument-parser,145,closed,,,1,2020-05-14T17:54:18Z,2020-05-14T17:55:32Z,False
apple,swift-argument-parser,144,closed,,,2,2020-05-14T06:58:04Z,2020-05-15T04:00:09Z,False
apple,swift-argument-parser,143,open,enhancement,,8,2020-05-14T06:50:57Z,,False
apple,swift-argument-parser,142,closed,,,3,2020-05-14T04:29:32Z,2020-05-14T17:43:22Z,False
apple,swift-argument-parser,141,closed,,,2,2020-05-14T04:25:30Z,2020-05-14T15:09:31Z,False
apple,swift-argument-parser,140,closed,,,2,2020-05-13T04:49:30Z,2020-05-14T14:08:20Z,False
apple,swift-argument-parser,139,closed,,,5,2020-05-11T17:20:11Z,2020-05-12T15:56:47Z,False
apple,swift-argument-parser,138,closed,,,1,2020-05-11T02:16:27Z,2020-05-11T19:19:24Z,False
apple,swift-argument-parser,137,closed,,,3,2020-05-08T14:13:11Z,2020-05-08T16:31:20Z,False
apple,swift-argument-parser,136,open,bug,,4,2020-05-07T15:55:16Z,,False
apple,swift-argument-parser,135,closed,,,3,2020-05-06T17:37:34Z,2020-05-15T20:02:16Z,False
apple,swift-argument-parser,134,closed,"enhancement, good first issue",,2,2020-05-06T17:36:37Z,2020-05-14T14:08:21Z,False
apple,swift-argument-parser,133,closed,,,1,2020-05-05T04:24:01Z,2020-05-05T04:32:46Z,False
apple,swift-argument-parser,132,closed,"bug, good first issue",,3,2020-05-04T18:35:17Z,2020-05-14T15:09:31Z,False
apple,swift-argument-parser,131,closed,,,3,2020-05-04T14:44:19Z,2021-02-08T05:38:26Z,False
apple,swift-argument-parser,130,closed,bug,,0,2020-05-04T13:26:21Z,2020-05-28T06:13:16Z,False
apple,swift-argument-parser,129,closed,,,1,2020-05-03T18:57:22Z,2020-05-03T19:08:45Z,False
apple,swift-argument-parser,128,open,,,2,2020-05-02T18:39:18Z,,False
apple,swift-argument-parser,127,closed,,,6,2020-04-29T19:05:47Z,2020-04-30T21:44:44Z,False
apple,swift-argument-parser,126,closed,duplicate,,1,2020-04-29T18:11:57Z,2020-05-02T18:22:06Z,False
apple,swift-argument-parser,125,closed,,,1,2020-04-23T20:41:32Z,2020-04-24T04:15:22Z,False
apple,swift-argument-parser,124,open,documentation,,0,2020-04-22T19:44:02Z,,False
apple,swift-argument-parser,123,closed,,,3,2020-04-22T19:19:15Z,2020-07-29T22:58:45Z,False
apple,swift-argument-parser,122,closed,,,1,2020-04-21T09:55:28Z,2020-04-22T05:54:33Z,False
apple,swift-argument-parser,121,closed,,,2,2020-04-21T05:12:52Z,2020-04-21T14:27:40Z,False
apple,swift-argument-parser,120,closed,,,5,2020-04-20T08:34:13Z,2020-04-22T05:53:17Z,False
apple,swift-argument-parser,119,closed,,,5,2020-04-16T17:20:30Z,2020-04-21T14:31:46Z,False
apple,swift-argument-parser,118,closed,,,3,2020-04-16T04:24:05Z,2020-04-19T00:21:52Z,False
apple,swift-argument-parser,117,closed,,,1,2020-04-15T19:31:36Z,2020-04-15T19:48:24Z,False
apple,swift-argument-parser,116,closed,,,1,2020-04-15T19:27:33Z,2020-04-15T19:30:38Z,False
apple,swift-argument-parser,115,closed,,,6,2020-04-14T12:00:31Z,2020-04-21T14:31:58Z,False
apple,swift-argument-parser,114,closed,,,7,2020-04-09T19:03:33Z,2020-04-09T20:25:02Z,False
apple,swift-argument-parser,113,closed,,,4,2020-04-09T17:20:47Z,2020-04-09T18:50:17Z,False
apple,swift-argument-parser,112,closed,"enhancement, good first issue",,1,2020-04-08T19:53:43Z,2020-04-19T16:08:17Z,False
apple,swift-argument-parser,111,closed,,,5,2020-04-08T12:00:08Z,2020-04-11T03:03:47Z,False
apple,swift-argument-parser,110,closed,,,1,2020-04-07T11:46:03Z,2020-04-14T08:13:58Z,False
apple,swift-argument-parser,109,closed,,,4,2020-04-05T15:27:18Z,2020-10-06T19:14:44Z,False
apple,swift-argument-parser,108,closed,breaking change,,2,2020-04-03T13:43:59Z,2020-06-01T21:13:15Z,False
apple,swift-argument-parser,107,closed,enhancement,,2,2020-04-02T00:33:33Z,2020-06-22T18:53:31Z,False
apple,swift-argument-parser,106,open,enhancement,,1,2020-04-01T06:24:05Z,,False
apple,swift-argument-parser,105,closed,enhancement,,1,2020-03-31T21:11:34Z,2021-02-21T06:47:39Z,False
apple,swift-argument-parser,104,closed,,,3,2020-03-31T18:40:12Z,2020-04-08T18:00:58Z,False
apple,swift-argument-parser,103,closed,bug,,1,2020-03-30T23:25:49Z,2020-04-15T18:08:38Z,False
apple,swift-argument-parser,102,closed,,,5,2020-03-28T19:22:43Z,2020-03-30T17:36:22Z,False
apple,swift-argument-parser,101,closed,,,1,2020-03-28T06:41:48Z,2020-03-29T19:57:51Z,False
apple,swift-argument-parser,100,closed,,,2,2020-03-27T16:16:37Z,2020-03-30T22:45:52Z,False
apple,swift-argument-parser,99,open,enhancement,,2,2020-03-23T11:27:09Z,,False
apple,swift-argument-parser,98,closed,,,1,2020-03-23T10:33:17Z,2020-03-23T19:59:35Z,False
apple,swift-argument-parser,97,closed,bug,,3,2020-03-23T05:33:35Z,2020-03-23T18:47:30Z,False
apple,swift-argument-parser,96,closed,,,0,2020-03-21T18:30:53Z,2020-03-22T18:27:14Z,False
apple,swift-argument-parser,95,closed,,,0,2020-03-20T18:06:17Z,2020-03-20T18:23:50Z,False
apple,swift-argument-parser,94,closed,,,0,2020-03-20T02:43:23Z,2020-03-22T18:30:12Z,False
apple,swift-argument-parser,93,closed,,,5,2020-03-20T02:27:39Z,2020-03-23T20:13:13Z,False
apple,swift-argument-parser,92,closed,bug,,0,2020-03-19T16:03:37Z,2020-03-22T18:27:14Z,False
apple,swift-argument-parser,91,closed,,,7,2020-03-19T15:29:05Z,2020-03-27T18:48:08Z,False
apple,swift-argument-parser,90,closed,,,5,2020-03-18T03:38:15Z,2020-03-18T16:33:05Z,False
apple,swift-argument-parser,89,closed,,,1,2020-03-18T02:59:15Z,2020-03-18T16:29:34Z,False
apple,swift-argument-parser,88,closed,bug,natecook1000,3,2020-03-17T23:16:20Z,2020-03-20T18:23:50Z,False
apple,swift-argument-parser,87,closed,,,0,2020-03-16T15:06:29Z,2020-03-22T18:30:12Z,False
apple,swift-argument-parser,86,closed,,,1,2020-03-16T13:17:44Z,2020-03-16T16:12:39Z,False
apple,swift-argument-parser,85,closed,,,0,2020-03-16T12:38:12Z,2020-03-17T15:54:13Z,False
apple,swift-argument-parser,84,closed,,,0,2020-03-16T12:36:28Z,2020-03-31T19:59:04Z,False
apple,swift-argument-parser,83,closed,,,1,2020-03-15T06:52:44Z,2020-03-17T17:40:00Z,False
apple,swift-argument-parser,82,closed,,,1,2020-03-15T06:31:21Z,2020-03-17T17:39:03Z,False
apple,swift-argument-parser,81,closed,,,1,2020-03-14T11:39:17Z,2020-03-16T14:41:25Z,False
apple,swift-argument-parser,80,closed,,,3,2020-03-14T08:28:02Z,2020-03-15T19:02:01Z,False
apple,swift-argument-parser,79,closed,,,0,2020-03-13T18:58:13Z,2020-03-21T17:44:33Z,False
apple,swift-argument-parser,78,closed,,,0,2020-03-12T16:33:06Z,2020-03-12T16:33:25Z,False
apple,swift-argument-parser,77,closed,,,1,2020-03-12T15:49:21Z,2020-03-13T18:55:39Z,False
apple,swift-argument-parser,76,closed,"bug, good first issue",,1,2020-03-10T13:47:23Z,2020-03-13T23:22:20Z,False
apple,swift-argument-parser,75,closed,,,8,2020-03-10T09:21:08Z,2020-03-12T05:28:34Z,False
apple,swift-argument-parser,74,closed,,,3,2020-03-09T18:33:34Z,2020-03-10T17:44:46Z,False
apple,swift-argument-parser,73,closed,,,4,2020-03-09T11:30:48Z,2020-03-13T18:53:09Z,False
apple,swift-argument-parser,72,closed,,,1,2020-03-08T09:46:38Z,2020-03-09T15:36:20Z,False
apple,swift-argument-parser,71,closed,,,3,2020-03-07T19:17:45Z,2020-03-11T03:34:01Z,False
apple,swift-argument-parser,70,closed,,,1,2020-03-06T23:48:55Z,2020-03-07T19:18:11Z,False
apple,swift-argument-parser,69,closed,,,1,2020-03-06T22:26:30Z,2020-03-09T15:26:50Z,False
apple,swift-argument-parser,68,closed,,,1,2020-03-06T21:11:56Z,2020-03-06T23:20:41Z,False
apple,swift-argument-parser,67,closed,,,0,2020-03-06T19:16:01Z,2020-03-06T22:33:54Z,False
apple,swift-argument-parser,66,closed,,,0,2020-03-05T23:04:49Z,2020-03-06T22:33:54Z,False
apple,swift-argument-parser,65,closed,,,5,2020-03-05T21:24:54Z,2020-05-10T22:08:45Z,False
apple,swift-argument-parser,64,closed,"enhancement, good first issue",,1,2020-03-05T14:14:16Z,2020-03-12T12:15:44Z,False
apple,swift-argument-parser,63,closed,,,1,2020-03-05T00:44:06Z,2020-03-06T16:07:30Z,False
apple,swift-argument-parser,62,closed,,,4,2020-03-05T00:06:12Z,2020-03-06T18:37:47Z,False
apple,swift-argument-parser,61,closed,,,1,2020-03-04T22:26:23Z,2020-03-06T18:53:28Z,False
apple,swift-argument-parser,60,closed,enhancement,,3,2020-03-04T21:29:45Z,2020-03-06T18:37:47Z,False
apple,swift-argument-parser,59,closed,,,2,2020-03-04T19:02:31Z,2020-03-11T03:34:01Z,False
apple,swift-argument-parser,58,closed,,,2,2020-03-04T18:57:00Z,2020-03-10T23:56:12Z,False
apple,swift-argument-parser,57,closed,,,3,2020-03-04T18:38:20Z,2020-03-06T19:59:51Z,False
apple,swift-argument-parser,56,closed,"bug, good first issue",,0,2020-03-04T16:59:20Z,2020-03-06T16:07:29Z,False
apple,swift-argument-parser,55,closed,,,0,2020-03-03T23:25:03Z,2020-03-06T08:19:58Z,False
apple,swift-argument-parser,54,closed,,,3,2020-03-03T22:34:25Z,2020-03-06T07:58:04Z,False
apple,swift-argument-parser,53,closed,,,5,2020-03-03T10:22:10Z,2020-03-05T20:56:53Z,False
apple,swift-argument-parser,52,closed,,,2,2020-03-03T03:28:01Z,2020-03-04T17:24:28Z,False
apple,swift-argument-parser,51,closed,,,0,2020-03-02T23:33:11Z,2020-03-04T19:10:29Z,False
apple,swift-argument-parser,50,closed,bug,,0,2020-03-02T22:49:31Z,2020-03-06T08:19:58Z,False
apple,swift-argument-parser,49,closed,"bug, good first issue",,0,2020-03-02T22:42:51Z,2020-03-04T17:24:28Z,False
apple,swift-argument-parser,48,closed,,,5,2020-03-02T21:54:25Z,2020-03-12T16:37:03Z,False
apple,swift-argument-parser,47,closed,,,2,2020-03-02T20:40:51Z,2020-03-02T22:58:47Z,False
apple,swift-argument-parser,46,open,documentation,,3,2020-03-02T18:59:31Z,,False
apple,swift-argument-parser,45,closed,,,2,2020-03-02T17:54:24Z,2020-03-02T18:50:55Z,False
apple,swift-argument-parser,44,closed,,,1,2020-03-02T17:32:16Z,2020-03-02T22:26:32Z,False
apple,swift-argument-parser,43,closed,,,0,2020-03-02T17:31:50Z,2020-03-02T20:51:40Z,False
apple,swift-argument-parser,42,closed,,,1,2020-03-02T17:20:34Z,2020-03-02T20:51:12Z,False
apple,swift-argument-parser,41,open,"enhancement, help wanted",,13,2020-03-02T16:47:56Z,,False
apple,swift-argument-parser,40,closed,,,1,2020-03-02T16:36:49Z,2020-03-02T17:23:13Z,False
apple,swift-argument-parser,39,open,"documentation, good first issue",,3,2020-03-02T16:24:53Z,,False
apple,swift-argument-parser,38,closed,,,0,2020-03-02T03:14:21Z,2020-03-02T17:23:32Z,False
apple,swift-argument-parser,37,open,"enhancement, help wanted",,6,2020-03-01T23:06:13Z,,False
apple,swift-argument-parser,36,open,enhancement,,1,2020-03-01T22:28:39Z,,False
apple,swift-argument-parser,35,closed,,,0,2020-03-01T20:57:38Z,2020-03-01T21:24:30Z,False
apple,swift-argument-parser,34,closed,,,2,2020-03-01T20:07:14Z,2020-03-02T16:54:24Z,False
apple,swift-argument-parser,33,closed,,,3,2020-03-01T18:57:02Z,2020-05-21T16:37:52Z,False
apple,swift-argument-parser,32,closed,,,2,2020-03-01T15:23:29Z,2020-03-04T22:23:30Z,False
apple,swift-argument-parser,31,open,"enhancement, help wanted",,6,2020-03-01T15:16:33Z,,False
apple,swift-argument-parser,30,closed,,,1,2020-03-01T11:08:09Z,2020-03-02T17:05:00Z,False
apple,swift-argument-parser,29,closed,,,0,2020-03-01T06:52:45Z,2020-03-09T22:12:43Z,False
apple,swift-argument-parser,28,closed,,,1,2020-03-01T05:28:30Z,2020-03-01T06:56:56Z,False
apple,swift-argument-parser,27,closed,,,0,2020-03-01T05:09:44Z,2020-03-01T06:56:56Z,False
apple,swift-argument-parser,26,closed,,,0,2020-03-01T04:48:23Z,2020-03-12T16:37:02Z,False
apple,swift-argument-parser,25,closed,,,5,2020-03-01T03:24:28Z,2020-03-30T17:36:22Z,False
apple,swift-argument-parser,24,closed,enhancement,natecook1000,6,2020-03-01T00:41:05Z,2021-02-21T06:35:23Z,False
apple,swift-argument-parser,23,open,,,5,2020-02-29T18:30:51Z,,False
apple,swift-argument-parser,22,closed,,,3,2020-02-29T10:38:10Z,2020-03-02T17:25:08Z,False
apple,swift-argument-parser,21,closed,,,3,2020-02-29T09:40:43Z,2020-03-03T18:54:19Z,False
apple,swift-argument-parser,20,closed,,,2,2020-02-29T08:56:56Z,2020-03-01T10:28:20Z,False
apple,swift-argument-parser,19,closed,,,0,2020-02-29T01:47:44Z,2020-02-29T16:43:52Z,False
apple,swift-argument-parser,18,closed,,,2,2020-02-29T01:02:44Z,2020-03-06T16:18:54Z,False
apple,swift-argument-parser,17,closed,,,2,2020-02-28T22:32:27Z,2020-03-02T16:54:10Z,False
apple,swift-argument-parser,16,closed,bug,,3,2020-02-28T21:22:45Z,2020-03-02T17:05:00Z,False
apple,swift-argument-parser,15,closed,,,2,2020-02-28T19:45:54Z,2020-03-02T16:46:24Z,False
apple,swift-argument-parser,14,closed,,,1,2020-02-28T19:21:45Z,2020-03-01T07:11:49Z,False
apple,swift-argument-parser,13,closed,,,1,2020-02-28T19:05:17Z,2020-02-28T19:33:58Z,False
apple,swift-argument-parser,12,closed,,,0,2020-02-28T17:32:45Z,2020-02-28T19:34:40Z,False
apple,swift-argument-parser,11,closed,,,2,2020-02-28T16:22:15Z,2020-04-09T20:27:34Z,False
apple,swift-argument-parser,10,closed,,,4,2020-02-28T15:37:30Z,2020-03-02T17:21:04Z,False
apple,swift-argument-parser,9,closed,,,1,2020-02-28T14:23:50Z,2020-02-28T16:55:04Z,False
apple,swift-argument-parser,8,open,enhancement,,7,2020-02-28T13:18:02Z,,False
apple,swift-argument-parser,7,closed,,,2,2020-02-28T09:13:18Z,2020-03-07T05:51:19Z,False
apple,swift-argument-parser,6,closed,,,1,2020-02-28T06:29:05Z,2020-02-28T07:50:20Z,False
apple,swift-argument-parser,5,closed,,,7,2020-02-28T04:07:38Z,2020-02-29T19:27:47Z,False
apple,swift-argument-parser,4,open,enhancement,,7,2020-02-28T01:47:55Z,,False
apple,swift-argument-parser,3,closed,,,2,2020-02-28T00:32:46Z,2020-02-28T16:55:13Z,False
apple,swift-argument-parser,2,closed,"enhancement, good first issue",,3,2020-02-27T21:43:27Z,2020-03-02T17:21:04Z,False
apple,swift-argument-parser,1,closed,enhancement,,1,2020-02-27T21:39:58Z,2020-07-29T23:14:13Z,False
